{"cameraMode":{"drawMode":0,"name":"Shaded","section":"Shading Mode"},"sceneLighting":true,"audioPlay":false,"sceneViewState":{"m_AlwaysRefresh":false,"showFog":true,"showSkybox":true,"showFlares":true,"showImageEffects":true,"showParticleSystems":true,"showVisualEffectGraphs":true,"m_FxEnabled":true},"in2DMode":false,"pivot":{"x":-13.12153434753418,"y":10.477105140686036,"z":4.875854015350342},"rotation":{"x":0.16544492542743684,"y":0.8032155632972717,"z":-0.26134201884269717,"w":0.5091674327850342},"size":0.8660253882408142,"orthographic":false}